Subject,Start Date,Start Time,End Date,End Time,All Day Event,Description,Location,Private
Hab: Gym / Ejercicio 💪,09/28/2026,07:00,09/28/2026,08:00,False,Hábito core · Salud (mantener 9/10).,,True
[Q1] M1 — Ofertas 1 y 2 (sueño LATAM + ansiedad 40+),09/28/2026,08:15,09/28/2026,10:45,False,Deep Work M1: scoring + Meta Ad Library + gancho + precio + días activos.,,True
[Q1] M2 — Landing A: estructura 7 etapas + bonus,09/28/2026,14:00,09/28/2026,15:30,False,Deep Work M2: patrón ganador Ritual Reset (7 etapas + bonus capas).,,True
Hab: Ritual noche 4-7-8 + gratitud 🕊️,09/28/2026,21:00,09/28/2026,21:30,False,⚠️ Espiritualidad 3/10. Registrarlo en el cierre.,,True
🌙 Cierre del día NAUTA + Rueda de Vida,09/28/2026,23:00,09/28/2026,23:15,False,5 pasos + marcar COMP/PARC/MOVER en el planner v11. Puntuar Rueda DE CERO.,,True
Hab: Gym / Ejercicio 💪,09/29/2026,07:00,09/29/2026,08:00,False,Hábito core · Salud.,,True
[Q1] M1 — Ofertas 3 y 4 (organización/foco + energía 40+),09/29/2026,08:15,09/29/2026,10:45,False,Deep Work M1.,,True
[Q1] M2 — Landing A: copy + promesa cuantificada + CTAs,09/29/2026,11:00,09/29/2026,12:30,False,Patrones: promesa cuantificada (7 días / 15 min / 1ª noche) + garantía sin fricción.,,True
[Q1] M3 — 6 ángulos creativos + imágenes (ganadora A),09/29/2026,14:00,09/29/2026,15:30,False,Deep Work M3. Patrón: transformación visual antes/después.,,True
[Q1] M1 — Oferta 5 (duelo / transición emocional),09/29/2026,15:45,09/29/2026,17:00,False,Deep Work M1.,,True
🌙 Cierre del día NAUTA + Rueda de Vida,09/29/2026,23:00,09/29/2026,23:15,False,5 pasos NAUTA.,,True
Hab: Gym / Ejercicio 💪,09/30/2026,07:00,09/30/2026,08:00,False,Hábito core · Salud.,,True
[Q1] Ritual Reset — revisión Meta Ads,09/30/2026,08:15,09/30/2026,09:45,False,"CTR, CPA, creativos, presupuesto. $25 · 90+ días activa.",,True
[Q1] Mente en OFF — quiz + funnel + segmentación,09/30/2026,09:45,09/30/2026,11:15,False,$14 · 60+ días. Revisar quiz diagnóstico y funnel activo.,,True
[Q1] M1 — Ofertas 6 y 7 (sleep-science + dinero consciente),09/30/2026,11:30,09/30/2026,13:00,False,Deep Work M1: completar las 7 ofertas de la semana.,,True
[Q1] M2 — Landing B: estructura + copy,09/30/2026,14:30,09/30/2026,16:00,False,Deep Work M2: patrón 7 etapas.,,True
Hab: Ritual noche 4-7-8 + gratitud 🕊️,09/30/2026,21:00,09/30/2026,21:30,False,⚠️ Espiritualidad 3/10. Registrarlo.,,True
🌙 Cierre del día NAUTA + Rueda de Vida,09/30/2026,23:00,09/30/2026,23:15,False,5 pasos NAUTA.,,True
Hab: Gym / Ejercicio 💪,10/01/2026,07:00,10/01/2026,08:00,False,Hábito core · Salud.,,True
[Q1] M1 — Scoring + validación Meta Ad Library → shortlist,10/01/2026,08:15,10/01/2026,10:45,False,Deep Work M1: definir 2 ganadoras.,,True
[Q1] M2 — Landing B: QA checkout + píxel,10/01/2026,11:00,10/01/2026,12:30,False,Deep Work M2: test end-to-end.,,True
[Q1] M3 — Creativos ganadora B: 6 ángulos + imágenes,10/01/2026,14:00,10/01/2026,15:30,False,Deep Work M3.,,True
Hab: 🕊️ BLOQUE LARGO Espiritualidad,10/01/2026,21:00,10/01/2026,22:00,False,⚠️ PRIORIDAD: meditación profunda + journaling. 1 de 3 bloques protegidos.,,True
🌙 Cierre del día NAUTA + Rueda de Vida,10/01/2026,23:00,10/01/2026,23:15,False,5 pasos NAUTA.,,True
Hab: Gym / Ejercicio 💪,10/02/2026,07:00,10/02/2026,08:00,False,Hábito core · Salud. 5/5 de la semana.,,True
[Q1] M1 — Cierre shortlist documentado en Notion,10/02/2026,08:15,10/02/2026,10:15,False,Deep Work M1: 2 ofertas ganadoras documentadas.,,True
[Q1] M2 — Publicar 2 landings LIVE + test end-to-end,10/02/2026,10:30,10/02/2026,12:30,False,Deep Work M2: objetivo de la semana.,,True
[Q1] M4 — Dashboard ROAS / CTR / CPA + optimización,10/02/2026,14:00,10/02/2026,15:30,False,Análisis M4.,,True
[Q1] M4 — Report semanal en Notion,10/02/2026,15:45,10/02/2026,17:00,False,Deep Work M4.,,True
🌙 Cierre del día NAUTA + Rueda de Vida,10/02/2026,23:00,10/02/2026,23:15,False,5 pasos NAUTA.,,True
Hab: 🕊️ BLOQUE LARGO Espiritualidad + Reiki,10/03/2026,08:00,10/03/2026,09:00,False,⚠️ PRIORIDAD: meditación + práctica Reiki. 2 de 3 bloques protegidos.,,True
Hab: Gym / caminata larga 💪,10/03/2026,09:15,10/03/2026,10:15,False,Hábito core · Salud.,,True
🌙 Cierre del día NAUTA + Rueda de Vida,10/03/2026,23:00,10/03/2026,23:15,False,5 pasos NAUTA.,,True
Hab: 🕊️ BLOQUE LARGO Espiritualidad,10/04/2026,09:00,10/04/2026,10:00,False,⚠️ PRIORIDAD: meditación + journaling profundo. 3 de 3 bloques protegidos.,,True
Hab: Caminata / ejercicio suave 💪,10/04/2026,11:00,10/04/2026,12:00,False,Hábito core · Salud.,,True
[Q1] REVIEW SEMANAL — marcar COMP/PARC/MOVER,10/04/2026,14:30,10/04/2026,16:00,False,Los 7 días del planner v11. Sin esto no hay datos para reagendar.,,True
Hab: 🌀 Rueda de Vida semanal,10/04/2026,16:00,10/04/2026,17:00,False,"Puntuar DE CERO, sin mirar el v10. 15 días de variación cero = se está copiando.",,True
🌙 Cierre del día + cierre de SEMANA NAUTA,10/04/2026,23:00,10/04/2026,23:15,False,5 pasos + cierre semanal.,,True
